feature,importance
tenure_days,0.41010527647763323
frequency,0.24377523540932217
monetary,0.18811287156835138
purchase_trend,0.04439756437017366
avg_order_value,0.040833634384189445
return_rate,0.03658231102743265
avg_items_per_order,0.023334382627062868
acquisition_channel_enc,0.006729020340562266
age_group_enc,0.005732954122116046
region_enc,0.0003967496731563649
